<?xml version="1.0" encoding="utf-8"?>
<feed xmlns="http://www.w3.org/2005/Atom">
    <id>https://livehelper.willwaking.com/blog</id>
    <title>边缘骇客直播互动助手 Blog</title>
    <updated>3024-02-29T00:00:00.000Z</updated>
    <generator>https://github.com/jpmonette/feed</generator>
    <link rel="alternate" href="https://livehelper.willwaking.com/blog"/>
    <subtitle>边缘骇客直播互动助手 Blog</subtitle>
    <icon>https://livehelper.willwaking.com/img/favicon.ico</icon>
    <entry>
        <title type="html"><![CDATA[直播互动助手]]></title>
        <id>https://livehelper.willwaking.com/blog/desc</id>
        <link href="https://livehelper.willwaking.com/blog/desc"/>
        <updated>3024-02-29T00:00:00.000Z</updated>
        <summary type="html"><![CDATA[兼容大部分主流平台、模块化设计、可视化编写流程的直播互动助手]]></summary>
        <content type="html"><![CDATA[<div align="center"><br><img src="https://livehelper.willwaking.com/img/icon.0f219fdf.jpg" width="300"><br><br><p></p><p>兼容大部分主流平台、模块化设计、可视化编写流程的直播互动助手<br>
由 Node.js、Vue3、Electron 提供强大驱动</p><p></p><br><p></p><p>当前兼容平台：
<strong>抖音视频</strong>·
<strong>BiliBili</strong>·
<strong>快手视频</strong>·
<strong>TikTok</strong></p><p></p><br></div>
<h3 class="anchor anchorWithStickyNavbar_LWe7" id="功能支持">功能支持<a href="https://livehelper.willwaking.com/blog/desc#%E5%8A%9F%E8%83%BD%E6%94%AF%E6%8C%81" class="hash-link" aria-label="功能支持的直接链接" title="功能支持的直接链接">​</a></h3>
<ul class="contains-task-list containsTaskList_mC6p">
<li class="task-list-item"><input type="checkbox" disabled="" checked=""> <!-- -->并发安全异步式任务</li>
<li class="task-list-item"><input type="checkbox" disabled="" checked=""> <!-- -->多平台多事件捕获、捕获起止控制、实时弹幕礼物日志、直播间代理设置（TikTok需要代理）</li>
<li class="task-list-item"><input type="checkbox" disabled="" checked=""> <!-- -->基于自定义正则表达式的弹幕匹配</li>
<li class="task-list-item"><input type="checkbox" disabled="" checked=""> <!-- -->带优先级的多个任务队列、队列起止控制</li>
<li class="task-list-item"><input type="checkbox" disabled="" checked=""> <!-- -->可视化任务触发流程设置、直播间事件模拟、实时任务运行调试</li>
<li class="task-list-item"><input type="checkbox" disabled="" checked=""> <!-- -->任意屏幕位置、可中断可重叠、支持层级设置的图像放映、视频放映</li>
<li class="task-list-item"><input type="checkbox" disabled="" checked=""> <!-- -->拖拽式可视化悬浮提示（文字、图像）</li>
<li class="task-list-item"><input type="checkbox" disabled="" checked=""> <!-- -->基于串口的硬件控制</li>
<li class="task-list-item"><input type="checkbox" disabled="" checked=""> <!-- -->鼠标键盘动作录制、键鼠动作驱动级重播、3D游戏人物镜头控制</li>
<li class="task-list-item"><input type="checkbox" disabled="" checked=""> <!-- -->带情绪设置支持的阿里语音合成</li>
<li class="task-list-item"><input type="checkbox" disabled="" checked=""> <!-- -->事件 Api、资源 Api、动画显示控制 Api</li>
<li class="task-list-item"><input type="checkbox" disabled="" checked=""> <!-- -->模块化高自定义任务、多任务并发、带判断读写的可编程任务树</li>
<li class="task-list-item"><input type="checkbox" disabled="" checked=""> <!-- -->公会账号模式（可多地登录及拉取云端设置数据，但需要二级密码才能修改云端设置数据）</li>
<li class="task-list-item"><input type="checkbox" disabled="" checked=""> <!-- -->设置定时任务</li>
<li class="task-list-item"><input type="checkbox" disabled="" checked=""> <!-- -->代理分销</li>
</ul>
<h3 class="anchor anchorWithStickyNavbar_LWe7" id="图像--视频--音频媒体节点">图像 / 视频 / 音频媒体节点<a href="https://livehelper.willwaking.com/blog/desc#%E5%9B%BE%E5%83%8F--%E8%A7%86%E9%A2%91--%E9%9F%B3%E9%A2%91%E5%AA%92%E4%BD%93%E8%8A%82%E7%82%B9" class="hash-link" aria-label="图像 / 视频 / 音频媒体节点的直接链接" title="图像 / 视频 / 音频媒体��节点的直接链接">​</a></h3>
<table><thead><tr><th>节点类型</th><th style="text-align:center">图像节点</th><th style="text-align:center">视频节点</th><th style="text-align:center">音频节点</th></tr></thead><tbody><tr><td>文件位置</td><td style="text-align:center">本地 / 网络</td><td style="text-align:center">本地/网络</td><td style="text-align:center">本地 / 网络 / 合成</td></tr><tr><td>可重复堆叠</td><td style="text-align:center">√</td><td style="text-align:center">√</td><td style="text-align:center">√</td></tr><tr><td>堆叠层级控制</td><td style="text-align:center">√</td><td style="text-align:center">√</td><td style="text-align:center">无层级</td></tr><tr><td>批量移除</td><td style="text-align:center">√</td><td style="text-align:center">√</td><td style="text-align:center">√</td></tr><tr><td>单个移除</td><td style="text-align:center">√</td><td style="text-align:center">√</td><td style="text-align:center">√</td></tr><tr><td>自定义显示位置</td><td style="text-align:center">√</td><td style="text-align:center">√</td><td style="text-align:center">无位置</td></tr><tr><td>自定义显示宽高</td><td style="text-align:center">√</td><td style="text-align:center">√</td><td style="text-align:center">无宽高</td></tr><tr><td>自定义播放时间</td><td style="text-align:center">√</td><td style="text-align:center">√</td><td style="text-align:center">√</td></tr><tr><td>并发同时播放</td><td style="text-align:center">√</td><td style="text-align:center">√</td><td style="text-align:center">√</td></tr><tr><td>投入队列排队播放</td><td style="text-align:center">√</td><td style="text-align:center">√</td><td style="text-align:center">√</td></tr></tbody></table>
<h3 class="anchor anchorWithStickyNavbar_LWe7" id="功能节点说明">功能节点说明<a href="https://livehelper.willwaking.com/blog/desc#%E5%8A%9F%E8%83%BD%E8%8A%82%E7%82%B9%E8%AF%B4%E6%98%8E" class="hash-link" aria-label="功能节点说明的直接链接" title="功能节点说明的直接链接">​</a></h3>
<table><thead><tr><th>节点类型</th><th style="text-align:center">是否支持</th><th style="text-align:center">描述</th></tr></thead><tbody><tr><td>硬件控制</td><td style="text-align:center">√</td><td style="text-align:center">基于串口，可自由开发</td></tr><tr><td>键鼠模拟</td><td style="text-align:center">√</td><td style="text-align:center">驱动级录制重播</td></tr><tr><td>语音合成</td><td style="text-align:center">√</td><td style="text-align:center">自定义情绪、发言人等</td></tr><tr><td>直播间回复消息</td><td style="text-align:center">√</td><td style="text-align:center">支持多个变量</td></tr><tr><td>网络请求</td><td style="text-align:center">√</td><td style="text-align:center">支持多个变量，方便开发</td></tr><tr><td>写用户值</td><td style="text-align:center">√</td><td style="text-align:center">覆盖 / 追加 / 累和</td></tr><tr><td>写变量值</td><td style="text-align:center">√</td><td style="text-align:center">覆盖 / 追加 / 累和动态刷新悬浮提示</td></tr><tr><td>改先前任务优先级</td><td style="text-align:center">√</td><td style="text-align:center">可实现礼物插队</td></tr><tr><td>锁定账户</td><td style="text-align:center">√</td><td style="text-align:center">使电脑"息屏"</td></tr><tr><td>结束进程</td><td style="text-align:center">√</td><td style="text-align:center">结束游戏整蛊</td></tr><tr><td>随机节点</td><td style="text-align:center">√</td><td style="text-align:center">可自定义相对概率</td></tr><tr><td>并行节点</td><td style="text-align:center">√</td><td style="text-align:center">使后续多个任务同时执行</td></tr><tr><td>数值判断</td><td style="text-align:center">√</td><td style="text-align:center">实现更复杂的效果</td></tr><tr><td>倍数判断</td><td style="text-align:center">√</td><td style="text-align:center">支持多个变量</td></tr><tr><td>文本判断</td><td style="text-align:center">√</td><td style="text-align:center"></td></tr></tbody></table>]]></content>
        <author>
            <name>edgehacker</name>
            <uri>https://github.com/edgehacker</uri>
        </author>
        <category label="livehelper" term="livehelper"/>
        <category label="desc" term="desc"/>
    </entry>
    <entry>
        <title type="html"><![CDATA[程序内测体验特别活动]]></title>
        <id>https://livehelper.willwaking.com/blog/20240301</id>
        <link href="https://livehelper.willwaking.com/blog/20240301"/>
        <updated>2024-03-01T00:00:00.000Z</updated>
        <summary type="html"><![CDATA[Hello 嗨！大家新年好呀！在 2024 新的一年里，我们的新产品终于孵化问世啦！现在软件正处于内测期，欢迎各位体验、测试。]]></summary>
        <content type="html"><![CDATA[<p>Hello 嗨！大家新年好呀！在 2024 新的一年里，我们的新产品终于孵化问世啦！现在软件正处于内测期，欢迎各位体验、测试。</p>
<p>在程序内测期间新邮箱注册默认给予 180 天授权及 <code>LV.2</code> 等级，内测期间发现重大 BUG 或提出有重大价值的更新方向，提交并被官方工作人员采纳后，还会给予相应的现金奖励！</p>
<p><img decoding="async" loading="lazy" alt="兔小巢反馈空间" src="https://livehelper.willwaking.com/assets/images/%E5%85%94%E5%B0%8F%E5%B7%A2%E5%8F%8D%E9%A6%88%E7%A9%BA%E9%97%B4-6bf5e2f894ad8b377c5bfead15a4119f.jpg" width="1898" height="905" class="img_ev3q"></p>
<p>欢迎加入我们的 <a href="http://qm.qq.com/cgi-bin/qm/qr?_wv=1027&amp;k=fvmRIA1HpfFUA0LCMeN_6tQtS9nlNLcO&amp;authKey=USGXAR4jxCvoq8n2YtU7%2FeGMNFHocuU4JOYvx71uJDURXgGnYsHCG%2F7PcauGV7DX&amp;noverify=0&amp;group_code=829242770" target="_blank" rel="noopener noreferrer">(交流QQ群)</a> 获得最新消息及服务支持！</p>]]></content>
        <author>
            <name>edgehacker</name>
            <uri>https://github.com/edgehacker</uri>
        </author>
    </entry>
</feed>